StrID,msID,mu.se_A,mu.se_B,mu.se_C,mu_A,mu_B,mu_C,pi.se_A,pi.se_B,pi.se_C,pi_A,pi_B,pi_C,sigma.se_A,sigma.se_B,sigma.se_C,sigma_A,sigma_B,sigma_C,MS.Day,UNIT,ENTRY,MS.Ord,MS.tecRep
Str001,1,0.05925028422238672,0.41690890571253614,0.41839475524390285,3.368662515368737,1.2119507914532723,0.13493844910034644,0.032806730521892265,0.05179417223024801,0.03648995346888361,0.916344559881226,0.06527190113523776,0.0183835389835363,0.04573736118046767,0.5054801270816786,0.306257299018458,0.5207029552665474,0.5038109501941314,0.22012652134645952,12,240,4,20,1
Str001,2,0.05903942819641065,0.4121402061803539,0.41487868414464524,3.363487418613511,1.2154912628711108,0.1338878568931448,0.03314657054069649,0.052081552111694164,0.036345069770966416,0.9153603012495846,0.06635704207080881,0.01828265667960669,0.045587076777524264,0.5048117812253159,0.3055564082749969,0.5171901602699794,0.5070991322138725,0.21931669231271833,12,240,4,20,2
Str001,3,0.05970268673709461,0.4726975807167179,0.8073132850954939,3.420970487406438,1.1629505871920425,-0.16362467069331724,0.032235525238913404,0.055901457128035535,0.042179629285345036,0.9140497168149508,0.06306281550135232,0.022887467683696806,0.04593314881173241,0.5770370682702886,0.4674562744030112,0.5298995740536526,0.5125500684145082,0.3614022401229701,9,201,4,17,2
Str001,4,0.060081408987168725,0.47964680762251927,0.8146780170425431,3.4264469384534606,1.160412088374541,-0.16169450436160995,0.03203094094437477,0.055857428254563864,0.042420785907860435,0.9148602422156147,0.06221454484452953,0.02292521293985576,0.046226679024348294,0.5783642692249004,0.47089295611063825,0.5341994827133444,0.5103425049910634,0.36241394029796226,9,201,4,17,1
